<?xml version="1.0" encoding="UTF-8"?>
<config xmlns="http://www.knime.org/2008/09/XMLConfig" xmlns:xsi="http://www.w3.org/2001/XMLSchema-instance" xsi:schemaLocation="http://www.knime.org/2008/09/XMLConfig http://www.knime.org/XMLConfig_2008_09.xsd" key="content">
    <entry key="version" type="xint" value="1"/>
    <entry key="port_spec_class" type="xstring" value="org.knime.base.node.mine.treeensemble2.model.TreeEnsembleModelPortObjectSpec"/>
    <entry key="port_object_class" type="xstring" value="org.knime.base.node.mine.treeensemble2.model.TreeEnsembleModelPortObject"/>
    <config key="filestores">
        <entry key="handlerUUID" type="xstring" value="e88114df-8347-4d9b-b4f4-54ae9ffa3ec9"/>
        <config key="port_file_store_keys">
            <config key="filestore_key_0">
                <entry key="storeUUID" type="xstring" value="e88114df-8347-4d9b-b4f4-54ae9ffa3ec9"/>
                <entry key="index" type="xint" value="0"/>
                <entry key="name" type="xstring" value="0_bbe1ac45-dd71-48de-9a55-ee8f83f67fd0"/>
                <entry key="iterationIndex" type="xint" value="-1"/>
            </config>
        </config>
    </config>
</config>
