<?xml version="1.0" encoding="UTF-8"?>
<config xmlns="http://www.knime.org/2008/09/XMLConfig" xmlns:xsi="http://www.w3.org/2001/XMLSchema-instance" xsi:schemaLocation="http://www.knime.org/2008/09/XMLConfig http://www.knime.org/XMLConfig_2008_09.xsd" key="content">
    <entry key="version" type="xint" value="1"/>
    <entry key="port_spec_class" type="xstring" value="org.knime.base.node.mine.treeensemble2.model.TreeEnsembleModelPortObjectSpec"/>
    <entry key="port_object_class" type="xstring" value="org.knime.base.node.mine.treeensemble2.model.TreeEnsembleModelPortObject"/>
    <config key="filestores">
        <entry key="handlerUUID" type="xstring" value="c32f86ac-bd8e-4c81-ab7e-7144d3e4a0c4"/>
        <config key="port_file_store_keys">
            <config key="filestore_key_0">
                <entry key="storeUUID" type="xstring" value="c32f86ac-bd8e-4c81-ab7e-7144d3e4a0c4"/>
                <entry key="index" type="xint" value="0"/>
                <entry key="name" type="xstring" value="0_87d270b4-0e4d-4d31-b030-11bf2591a4ce"/>
                <entry key="iterationIndex" type="xint" value="-1"/>
            </config>
        </config>
    </config>
</config>
